patient_id,tissue,n_wbc,n_cfdna,age,dnmt3a,tet2,asxl1,ppm1d,tp53,jak2,runx1,sf3b1,srsf2,idh1,idh2,u2af1,cbl,atm,chek2
W044216563371,Control,0,0,38,NA,NA,NA,NA,NA,NA,NA,NA,NA,NA,NA,NA,NA,NA,NA
W044216563615,Control,0,0,22,NA,NA,NA,NA,NA,NA,NA,NA,NA,NA,NA,NA,NA,NA,NA
W044216563305,Control,1,1,38,1.783023606,NA,NA,NA,NA,NA,NA,NA,NA,NA,NA,NA,NA,NA,NA
W044216563342,Control,1,1,20,NA,NA,NA,NA,NA,NA,NA,NA,NA,NA,NA,NA,NA,NA,NA
W044216563541,Control,2,0,28,NA,NA,NA,NA,NA,NA,NA,NA,NA,NA,NA,NA,NA,NA,NA
W044216563549,Control,2,0,31,NA,NA,NA,NA,NA,NA,NA,NA,NA,NA,NA,NA,NA,NA,NA
W044216563294,Control,2,1,30,NA,NA,NA,NA,NA,NA,NA,NA,NA,NA,NA,NA,NA,NA,NA
MSK-VB-0036,Breast,1,0,30,NA,NA,NA,NA,NA,NA,NA,NA,NA,NA,NA,NA,NA,NA,NA
MSK-VB-0066,Breast,1,0,39,NA,NA,NA,NA,NA,NA,NA,NA,NA,NA,NA,NA,NA,NA,0.145401672
MSK-VB-0012,Breast,3,2,39,NA,NA,NA,10.69387755,NA,NA,NA,NA,NA,NA,NA,NA,NA,NA,NA
MSK-VL-0071,Lung,3,2,33,NA,NA,NA,NA,NA,NA,NA,NA,NA,NA,NA,NA,NA,NA,NA
MSK-VB-0004,Breast,4,0,39,0.446594715,NA,NA,NA,NA,NA,NA,NA,NA,NA,NA,NA,NA,NA,NA
MSK-VB-0041,Breast,7,2,39,0.145772595,0.159562343,NA,NA,NA,NA,NA,NA,NA,NA,NA,NA,NA,NA,0.152516523
W044216563532,Control,0,0,42,NA,NA,NA,NA,NA,NA,NA,NA,NA,NA,NA,NA,NA,NA,NA
W044216563330,Control,1,0,43,NA,NA,NA,NA,NA,NA,NA,NA,NA,NA,NA,NA,0.192837466,NA,NA
W044216563366,Control,2,1,43,NA,0.226295542,NA,NA,NA,NA,NA,NA,NA,NA,NA,NA,NA,NA,NA
W044216563364,Control,3,2,41,NA,0.142314991,NA,NA,NA,NA,0.224574912,NA,NA,NA,NA,NA,0.19047619,NA,NA
W044216563303,Control,4,2,48,NA,0.198363501,NA,NA,NA,NA,NA,NA,NA,NA,NA,NA,NA,NA,NA
W044216563354,Control,4,2,49,NA,0.144578313,NA,NA,NA,NA,NA,NA,NA,NA,NA,NA,NA,NA,NA
W044216563783,Control,5,3,48,0.077071291,0.101378751,NA,NA,NA,NA,NA,NA,NA,NA,NA,NA,NA,NA,NA
MSK-VL-0015,Lung,0,0,47,NA,NA,NA,NA,NA,NA,NA,NA,NA,NA,NA,NA,NA,NA,NA
MSK-VL-0060,Lung,1,0,45,NA,0.153186275,NA,NA,NA,NA,NA,NA,NA,NA,NA,NA,NA,NA,NA
MSK-VL-0073,Lung,2,1,41,NA,0.360468609,NA,NA,NA,NA,NA,NA,NA,NA,NA,NA,NA,NA,NA
MSK-VP-0003,Prostate,3,2,46,0.864029104,NA,NA,NA,NA,NA,NA,NA,NA,NA,NA,NA,NA,NA,NA
MSK-VB-0006,Breast,4,1,46,NA,0.372231528,NA,NA,NA,NA,NA,NA,NA,NA,NA,NA,NA,NA,NA
MSK-VB-0001,Breast,4,2,44,2.659785629,NA,NA,NA,NA,NA,NA,NA,NA,NA,NA,NA,NA,NA,NA
MSK-VB-0084,Breast,4,4,42,0.345025877,NA,NA,NA,0.156698877,NA,NA,NA,NA,NA,NA,NA,NA,NA,NA
W044216563376,Control,2,2,52,0.132318889,NA,NA,NA,NA,NA,NA,NA,NA,NA,NA,NA,NA,NA,NA
W044216563804,Control,2,2,58,NA,NA,NA,NA,NA,NA,NA,NA,NA,NA,NA,NA,NA,NA,NA
W044216563969,Control,2,2,57,NA,NA,NA,NA,NA,NA,NA,NA,NA,NA,NA,NA,NA,NA,NA
W044216563534,Control,3,0,57,0.177147919,NA,NA,0.132415254,NA,NA,NA,NA,NA,NA,NA,NA,NA,NA,NA
W044216563959,Control,3,3,56,0.159574468,0.104529617,NA,NA,NA,NA,NA,NA,NA,NA,NA,NA,NA,NA,NA
W044216563365,Control,5,3,57,0.11052777,NA,NA,NA,NA,NA,NA,NA,NA,NA,NA,NA,NA,NA,NA
W044216563343,Control,6,0,50,0.107095047,NA,NA,NA,NA,NA,NA,NA,NA,NA,NA,NA,NA,NA,NA
W044216563304,Control,12,8,58,NA,NA,NA,NA,NA,NA,NA,NA,NA,NA,NA,NA,NA,NA,NA
MSK-VB-0054,Breast,1,0,50,NA,NA,NA,NA,NA,NA,NA,NA,NA,NA,NA,NA,NA,NA,NA
MSK-VB-0037,Breast,2,1,51,NA,NA,NA,NA,0.482667837,NA,NA,NA,NA,NA,NA,NA,NA,NA,NA
MSK-VP-0015,Prostate,2,1,50,NA,NA,NA,0.865800866,NA,NA,NA,NA,NA,NA,NA,NA,NA,NA,NA
MSK-VB-0059,Breast,3,2,50,NA,NA,NA,NA,0.260029718,NA,NA,NA,NA,NA,NA,NA,NA,NA,NA
MSK-VB-0062,Breast,3,2,56,NA,NA,NA,NA,NA,NA,NA,NA,NA,NA,NA,NA,NA,NA,NA
MSK-VP-0008,Prostate,4,1,57,NA,0.420650096,NA,NA,NA,NA,NA,NA,NA,NA,NA,NA,NA,NA,NA
MSK-VB-0005,Breast,4,2,55,NA,NA,NA,10.66997519,NA,NA,NA,NA,NA,NA,NA,NA,NA,NA,NA
MSK-VP-0032,Prostate,4,2,59,NA,0.131984162,NA,NA,NA,NA,NA,NA,NA,NA,NA,NA,NA,NA,NA
MSK-VP-0056,Prostate,5,2,53,0.657229525,NA,NA,NA,NA,NA,NA,NA,NA,NA,NA,NA,NA,NA,NA
MSK-VL-0010,Lung,6,2,57,1.083883129,0.106534091,NA,NA,NA,NA,NA,NA,NA,NA,NA,NA,NA,NA,NA
MSK-VP-0007,Prostate,6,3,56,0.848563969,NA,NA,NA,NA,NA,NA,NA,NA,NA,NA,NA,NA,NA,NA
MSK-VB-0077,Breast,6,4,52,0.526152894,0.108365843,NA,NA,NA,NA,NA,NA,NA,NA,NA,NA,NA,NA,NA
MSK-VB-0032,Breast,7,2,59,NA,1.960784314,NA,NA,NA,NA,NA,NA,NA,NA,NA,NA,0.146735143,NA,NA
MSK-VP-0016,Prostate,7,4,57,NA,0.254570701,NA,NA,NA,NA,NA,NA,NA,NA,NA,NA,NA,NA,NA
MSK-VP-0040,Prostate,7,5,55,NA,NA,0.12300123,NA,0.134120172,NA,NA,NA,NA,NA,NA,NA,0.25335698,NA,NA
MSK-VL-0051,Lung,8,5,56,0.236127509,NA,0.37702373,1.074889868,NA,NA,NA,NA,NA,NA,NA,NA,NA,NA,0.079365079
MSK-VL-0057,Lung,8,6,57,0.405131668,NA,0.630252101,NA,NA,NA,NA,NA,NA,NA,NA,NA,NA,NA,0.524344569
MSK-VP-0029,Prostate,9,8,59,0.288554024,NA,NA,NA,NA,NA,NA,NA,NA,NA,NA,NA,NA,NA,7.445200302
MSK-VB-0063,Breast,11,8,53,0.171939477,2.173913043,NA,2.579626217,NA,NA,NA,NA,NA,NA,NA,NA,0.59955822,NA,NA
MSK-VL-0061,Lung,12,8,58,0.414468726,0.069204152,NA,NA,NA,NA,NA,NA,NA,NA,NA,NA,NA,NA,NA
MSK-VB-0040,Breast,14,2,57,0.185471406,4.350996597,NA,0.23100616,1.493001555,NA,NA,NA,NA,NA,NA,NA,NA,NA,0.244669696
W044216563546,Control,5,1,60,NA,NA,NA,NA,NA,NA,NA,NA,NA,NA,NA,NA,NA,NA,NA
W044216563565,Control,6,3,69,2.093023256,0.14236323,NA,NA,NA,NA,NA,NA,NA,NA,NA,NA,NA,NA,NA
W044216563582,Control,6,3,63,0.349127182,0.111711041,NA,NA,NA,NA,NA,NA,NA,NA,NA,NA,NA,NA,NA
W044216563359,Control,7,4,62,0.372241425,0.328012246,NA,NA,NA,NA,NA,NA,NA,NA,NA,NA,NA,NA,NA
W044216563368,Control,7,4,64,NA,0.363027087,NA,NA,NA,NA,NA,NA,NA,NA,NA,NA,NA,NA,NA
W044216563367,Control,7,6,69,1.525469899,0.16722408,NA,NA,NA,NA,NA,NA,NA,NA,NA,NA,NA,NA,NA
W044216563370,Control,8,6,63,0.1014456,NA,NA,NA,NA,0.699745547,NA,NA,NA,NA,NA,NA,NA,NA,NA
W044216563586,Control,8,7,67,0.969666832,NA,NA,NA,NA,NA,NA,NA,NA,NA,NA,NA,NA,NA,NA
W044216563375,Control,9,6,65,NA,0.131752306,NA,NA,NA,NA,NA,NA,NA,NA,NA,NA,0.124031008,NA,NA
W044216563563,Control,9,6,61,0.162813416,NA,NA,NA,NA,0.233100233,NA,NA,NA,NA,NA,NA,NA,NA,NA
W044216563574,Control,10,6,64,0.520976145,NA,NA,NA,NA,NA,NA,0.091575092,NA,NA,NA,NA,0.113927656,NA,NA
W044216563529,Control,14,7,69,0.164068909,0.093348891,NA,0.074367873,NA,NA,NA,NA,NA,NA,NA,NA,NA,0.534555174,NA
MSK-VP-0046,Prostate,1,0,61,NA,0.217485863,NA,NA,NA,NA,NA,NA,NA,NA,NA,NA,NA,NA,NA
MSK-VP-0002,Prostate,3,3,65,0.335365854,NA,NA,0.159591446,NA,NA,NA,NA,NA,NA,NA,NA,NA,NA,NA
MSK-VP-0042,Prostate,4,1,60,NA,0.14732965,NA,NA,NA,NA,NA,NA,NA,NA,NA,NA,NA,NA,NA
MSK-VP-0057,Prostate,5,3,62,0.434027778,0.092097992,NA,NA,NA,NA,NA,NA,NA,NA,NA,NA,NA,NA,NA
MSK-VL-0009,Lung,6,0,61,0.417246175,NA,NA,NA,NA,NA,NA,NA,NA,NA,NA,NA,NA,NA,NA
MSK-VB-0024,Breast,6,4,67,0.224887556,0.218978102,NA,NA,NA,NA,NA,NA,NA,NA,NA,NA,NA,NA,NA
MSK-VP-0024,Prostate,6,4,62,0.187969925,0.085800086,NA,NA,NA,NA,NA,NA,NA,NA,NA,NA,NA,NA,NA
MSK-VL-0013,Lung,7,3,66,0.776965265,0.18302448,NA,NA,NA,NA,NA,NA,NA,NA,NA,NA,NA,NA,NA
MSK-VL-0042,Lung,7,3,68,NA,0.520547945,NA,NA,NA,NA,NA,NA,NA,NA,NA,NA,NA,NA,NA
MSK-VB-0069,Breast,7,5,64,0.270453009,0.313676286,NA,NA,NA,NA,NA,NA,NA,NA,NA,NA,NA,0.259909032,NA
MSK-VB-0072,Breast,7,5,60,1.145662848,NA,NA,NA,NA,NA,NA,NA,NA,NA,NA,NA,NA,48.78435518,NA
MSK-VL-0012,Lung,7,5,62,0.928381963,NA,NA,NA,NA,NA,NA,NA,NA,0.080580177,NA,NA,NA,NA,NA
MSK-VL-0067,Lung,8,3,61,0.150545728,0.188501414,NA,NA,NA,NA,NA,NA,0.539707016,NA,NA,NA,NA,NA,NA
MSK-VP-0021,Prostate,8,4,63,1.672862454,NA,NA,0.225317493,NA,NA,NA,NA,NA,NA,NA,NA,NA,NA,NA
MSK-VL-0027,Lung,8,5,69,8.396946565,0.193330111,0.606366852,NA,NA,NA,NA,NA,NA,NA,NA,NA,NA,NA,NA
MSK-VP-0038,Prostate,8,5,65,17.96360821,0.269653599,NA,NA,0.571895425,NA,NA,NA,NA,NA,NA,NA,NA,NA,NA
MSK-VL-0044,Lung,8,6,67,0.273099681,0.132766861,NA,NA,NA,NA,NA,NA,NA,NA,NA,NA,NA,NA,NA
MSK-VB-0073,Breast,9,2,68,0.099403579,NA,NA,NA,NA,NA,NA,NA,NA,NA,NA,NA,0.121248863,NA,NA
MSK-VB-0008,Breast,9,4,63,0.810185185,0.075150301,NA,0.466355763,NA,NA,NA,NA,NA,NA,NA,NA,NA,0.093370682,NA
MSK-VP-0059,Prostate,9,4,65,3.015366773,0.970873786,NA,NA,NA,NA,NA,NA,NA,NA,NA,NA,NA,NA,NA
MSK-VB-0029,Breast,9,5,62,NA,0.088600118,NA,0.642353916,0.105708245,NA,NA,NA,NA,NA,NA,NA,NA,0.142595233,NA
MSK-VP-0004,Prostate,9,5,68,1.941193263,NA,NA,0.090682385,NA,NA,NA,NA,NA,NA,NA,NA,NA,NA,NA
MSK-VP-0045,Prostate,9,5,68,NA,0.4036133,NA,0.143678161,NA,NA,NA,NA,NA,NA,NA,NA,0.090661831,0.239712345,0.245959241
MSK-VL-0022,Lung,9,6,62,0.898995241,NA,NA,NA,NA,NA,NA,NA,NA,NA,NA,NA,NA,NA,NA
MSK-VL-0075,Lung,9,7,67,0.251889169,NA,NA,NA,NA,NA,NA,NA,NA,NA,NA,NA,NA,NA,NA
MSK-VL-0083,Lung,9,7,62,0.182748538,0.076569678,NA,NA,NA,NA,NA,NA,NA,NA,NA,NA,NA,NA,NA
MSK-VP-0006,Prostate,9,7,69,NA,1.034825871,NA,0.375851539,NA,NA,NA,NA,NA,NA,NA,NA,NA,NA,NA
MSK-VB-0030,Breast,10,3,67,NA,0.786004057,0.643208475,NA,NA,NA,NA,NA,NA,NA,NA,NA,NA,NA,NA
MSK-VB-0034,Breast,10,4,60,NA,NA,NA,NA,NA,2.041499331,NA,NA,NA,NA,NA,NA,NA,NA,NA
MSK-VB-0013,Breast,10,7,69,3.341687552,NA,0.644567219,NA,NA,NA,NA,NA,NA,NA,NA,NA,NA,NA,0.303951368
MSK-VL-0056,Lung,11,5,67,0.382262997,0.151400454,NA,NA,NA,NA,NA,NA,NA,NA,NA,NA,NA,NA,NA
MSK-VB-0045,Breast,11,7,62,0.468468468,0.179303279,NA,NA,3.987935657,NA,NA,NA,NA,NA,NA,NA,NA,NA,NA
MSK-VB-0031,Breast,12,3,65,0.611246944,NA,0.160384924,NA,NA,NA,NA,NA,NA,NA,NA,NA,NA,0.081788441,NA
MSK-VL-0069,Lung,12,5,69,0.30075188,0.079957356,NA,NA,NA,NA,NA,NA,NA,NA,NA,NA,NA,NA,NA
MSK-VB-0076,Breast,14,2,62,NA,NA,NA,2.487941102,NA,NA,NA,NA,NA,NA,NA,NA,NA,NA,NA
MSK-VL-0082,Lung,14,11,61,3.341129302,0.274876306,NA,NA,NA,NA,NA,NA,NA,NA,NA,NA,2.68707483,NA,NA
MSK-VP-0050,Prostate,15,8,63,7.573492775,0.186954715,NA,NA,NA,NA,NA,NA,NA,NA,NA,NA,NA,NA,NA
MSK-VP-0028,Prostate,15,9,64,1.220719235,NA,NA,0.450878026,NA,NA,NA,NA,NA,NA,NA,NA,NA,NA,NA
MSK-VB-0053,Breast,15,11,69,0.598802395,1.436486764,NA,NA,NA,0.195203569,NA,NA,NA,NA,NA,NA,NA,NA,NA
MSK-VB-0033,Breast,16,8,63,1.485482782,0.151975684,NA,NA,0.13136289,NA,NA,NA,NA,NA,NA,NA,NA,NA,NA
MSK-VL-0038,Lung,16,13,67,3.001464129,NA,NA,NA,0.104895105,NA,NA,NA,NA,NA,NA,NA,NA,0.242248062,NA
MSK-VB-0016,Breast,17,12,64,0.510529675,1.175632348,NA,0.32388664,NA,NA,NA,NA,NA,NA,NA,NA,NA,NA,NA
MSK-VP-0010,Prostate,19,5,66,0.257003341,NA,1.353846154,NA,NA,NA,NA,NA,NA,NA,NA,NA,NA,NA,NA
MSK-VL-0065,Lung,20,7,63,1.062176166,0.056014564,NA,NA,NA,NA,NA,NA,NA,NA,NA,NA,NA,NA,NA
MSK-VL-0055,Lung,24,18,64,NA,0.456621005,NA,2.493765586,1.003928416,NA,NA,NA,NA,NA,NA,NA,NA,1.171875,NA
W044216563361,Control,7,4,73,0.254813137,0.083472454,NA,NA,NA,NA,NA,NA,NA,NA,NA,NA,NA,NA,NA
W044216563917,Control,7,4,77,NA,NA,NA,NA,NA,NA,NA,0.246457178,NA,NA,NA,NA,NA,NA,NA
W044216563329,Control,8,6,72,0.160307791,0.346095609,0.13590034,NA,NA,NA,NA,NA,NA,NA,NA,NA,NA,NA,NA
W044216563328,Control,10,8,77,0.173410405,NA,NA,NA,NA,NA,NA,NA,NA,NA,NA,NA,NA,NA,NA
W044216563344,Control,11,5,78,NA,0.099181751,NA,NA,0.293829579,NA,NA,0.179579271,NA,NA,NA,NA,NA,NA,NA
W044216563576,Control,11,8,72,0.645641917,NA,NA,0.258552108,0.267249757,NA,0.199689372,NA,NA,NA,NA,NA,NA,NA,NA
W044216563537,Control,12,3,76,0.550964187,0.128008193,NA,NA,NA,NA,NA,NA,NA,NA,NA,NA,NA,NA,NA
W044216564054,Control,14,11,78,2.695167286,0.080645161,NA,NA,NA,NA,NA,NA,NA,NA,NA,NA,NA,NA,0.180559735
W044216563300,Control,15,9,72,2.449888641,NA,NA,NA,0.513347023,NA,NA,NA,NA,NA,NA,NA,NA,NA,0.124766064
W044216564621,Control,16,10,77,0.121175401,0.064253587,0.231414521,0.215252153,NA,NA,NA,NA,NA,NA,NA,NA,NA,0.131752306,NA
W044216563299,Control,21,7,71,NA,1.013346515,NA,0.107095047,NA,NA,NA,NA,NA,NA,NA,NA,NA,0.226950355,NA
W044216563335,Control,26,13,74,NA,4.242275625,NA,NA,NA,NA,NA,NA,NA,NA,NA,NA,NA,NA,NA
W044216563559,Control,33,10,78,0.307328605,0.531003768,NA,NA,NA,NA,NA,NA,NA,NA,NA,NA,NA,NA,NA
MSK-VP-0061,Prostate,6,2,73,NA,NA,NA,NA,NA,NA,NA,NA,NA,NA,NA,NA,NA,NA,NA
MSK-VL-0021,Lung,6,3,76,19.49956859,1.247706422,NA,NA,NA,NA,NA,NA,NA,NA,NA,NA,NA,NA,NA
MSK-VP-0018,Prostate,6,4,78,NA,NA,NA,0.643678161,0.196850394,NA,NA,NA,NA,NA,NA,0.82205029,NA,0.465425532,NA
MSK-VP-0014,Prostate,9,2,70,NA,NA,NA,NA,NA,NA,NA,NA,NA,NA,NA,NA,NA,NA,NA
MSK-VL-0002,Lung,9,5,73,0.361228176,0.086169754,NA,1.103810775,NA,NA,NA,NA,NA,NA,NA,NA,NA,NA,NA
MSK-VP-0033,Prostate,9,5,75,NA,0.230149597,NA,0.804215197,NA,NA,NA,0.241984271,0.853788687,NA,NA,NA,NA,NA,NA
MSK-VB-0067,Breast,9,6,79,8.017241379,NA,0.183150183,NA,NA,4.636133745,NA,NA,NA,NA,NA,NA,NA,NA,NA
MSK-VL-0077,Lung,9,7,72,13.72007366,0.563304721,NA,NA,NA,NA,NA,NA,NA,NA,NA,NA,NA,NA,NA
MSK-VP-0034,Prostate,9,7,74,NA,NA,NA,0.286532951,0.453514739,NA,NA,NA,NA,NA,NA,NA,NA,0.213766567,0.23715415
MSK-VL-0076,Lung,10,5,75,3.892427459,0.808176848,NA,NA,NA,NA,NA,NA,NA,NA,NA,NA,NA,NA,NA
MSK-VL-0074,Lung,11,9,72,1.038961039,0.209095661,NA,NA,NA,NA,NA,NA,NA,NA,NA,NA,0.212615167,NA,0.130039012
MSK-VL-0017,Lung,12,10,77,0.265553869,0.142798858,NA,NA,NA,NA,NA,NA,NA,NA,NA,NA,NA,NA,NA
MSK-VL-0008,Lung,14,5,74,NA,0.107066381,NA,0.560672807,NA,NA,NA,NA,NA,NA,NA,NA,NA,NA,NA
MSK-VL-0003,Lung,14,8,75,NA,0.508618254,NA,NA,NA,NA,NA,0.215517241,0.167574361,NA,NA,NA,NA,0.14743826,NA
MSK-VP-0026,Prostate,14,10,79,0.314465409,0.29194239,NA,NA,NA,NA,NA,NA,NA,NA,NA,NA,NA,NA,NA
MSK-VP-0037,Prostate,16,9,72,8.333333333,0.308698021,NA,NA,NA,NA,NA,2.272727273,NA,NA,NA,NA,NA,NA,NA
MSK-VP-0035,Prostate,17,11,76,1.435406699,NA,0.127429118,NA,0.092194222,NA,NA,NA,NA,NA,NA,NA,NA,NA,NA
MSK-VL-0080,Lung,19,6,71,NA,6.531236348,NA,NA,NA,NA,NA,NA,NA,NA,NA,NA,NA,NA,NA
MSK-VP-0023,Prostate,19,12,72,2.287853577,NA,0.616764788,0.086157381,NA,NA,NA,NA,NA,NA,NA,NA,NA,NA,1.375711575
MSK-VP-0005,Prostate,19,14,72,NA,NA,0.0975039,0.276478094,0.392060769,NA,NA,NA,NA,NA,NA,NA,NA,NA,NA
MSK-VL-0028,Lung,19,15,77,1.550680787,1.757650951,NA,NA,NA,NA,NA,NA,NA,NA,NA,NA,NA,NA,NA
MSK-VL-0048,Lung,20,11,76,17.75700935,0.382043935,0.225326724,0.215827338,NA,NA,NA,NA,NA,NA,NA,NA,NA,NA,2.33592881
MSK-VP-0001,Prostate,22,14,75,NA,0.458949516,NA,NA,0.857503153,NA,NA,NA,NA,NA,NA,NA,1.088169643,NA,NA
MSK-VB-0058,Breast,22,16,71,NA,NA,0.154004107,5.016722408,0.917694293,NA,NA,NA,NA,NA,NA,NA,NA,9.941804074,0.191717791
MSK-VL-0005,Lung,24,5,78,0.275229358,11.82503139,0.36806342,0.855513308,NA,NA,NA,NA,NA,NA,NA,NA,NA,0.191466083,NA
MSK-VL-0064,Lung,24,11,78,6.765899865,0.114836932,0.161812298,NA,NA,NA,NA,NA,NA,NA,NA,NA,NA,NA,0.200642055
MSK-VP-0019,Prostate,37,24,70,0.491803279,0.36021613,NA,1.022780102,0.572171651,NA,NA,0.135317997,NA,NA,NA,NA,NA,1.064265248,6.733259341
MSK-VL-0045,Lung,12,7,83,0.175746924,0.182190845,NA,NA,NA,NA,NA,NA,NA,NA,NA,NA,NA,NA,NA
MSK-VP-0009,Prostate,12,7,82,NA,0.467794171,NA,0.135104706,NA,NA,NA,NA,NA,NA,NA,NA,NA,2.66594124,NA
MSK-VP-0058,Prostate,13,9,83,1.021934197,0.370713624,NA,NA,NA,NA,NA,NA,NA,NA,NA,NA,NA,NA,0.108813928
MSK-VL-0007,Lung,14,12,81,3.326959847,1.149712572,NA,NA,NA,NA,NA,NA,NA,NA,NA,NA,NA,0.162954916,NA
MSK-VP-0051,Prostate,14,12,80,0.631313131,NA,NA,0.332147094,NA,NA,NA,NA,NA,NA,NA,NA,NA,NA,NA
MSK-VP-0025,Prostate,17,9,87,NA,0.979762287,NA,0.348075348,NA,NA,NA,NA,NA,NA,NA,NA,NA,0.265379976,NA
MSK-VP-0030,Prostate,22,14,85,13.25266494,NA,0.070654734,3.084555651,NA,NA,NA,NA,NA,NA,NA,NA,NA,NA,NA
MSK-VP-0047,Prostate,25,16,86,0.3217315,NA,NA,2.691186365,0.460829493,0.109920308,NA,NA,NA,NA,NA,NA,NA,0.332541568,0.944386149
